1,1789-03-04,1791-03-03
2,1791-03-04,1793-03-03
3,1793-03-04,1795-03-03
4,,
5,,
6,,
7,,
8,,
9,,
10,,
11,,
12,,
13,,
14,,
15,,
16,,
17,,
18,,
19,,
20,,
21,,
22,,1833-03-03
73,,1935-01-03
74,,1937-01-03
75,,1939-01-03
77,,1943-01-03
78,,1945-01-03
79,,1947-01-03
80,,1949-01-03
81,,1951-01-03
82,,1953-01-03
83,,1955-01-03
84,,1957-01-03
85,,1959-01-03
86,,1961-01-03
87,,1963-01-03
88,,1965-01-03
89,,1967-01-03
90,,1969-01-03
91,,1971-01-03
92,,1973-01-03
93,,1975-01-03
94,,1977-01-03
95,,1979-01-03
96,,1981-01-03
97,,1983-01-03
98,,1985-01-03
99,,1987-01-03
100,,1989-01-03
101,,1991-01-03
102,,1993-01-03
103,,1995-01-03
104,,1997-01-03
105,,1999-01-03
106,,2001-01-03
107,,2003-01-03
108,,2005-01-03
109,,2007-01-03
111,,2011-01-03
